{

"Zustaende": {
    "F": 0.5, 
    "L": 0.5
    },

"UebergangsWsl": {
    "F": {
       "F": 0.95, 
       "L": 0.05
        },
    "L": {
        "F": 0.05, 
        "L": 0.95
        }
    },

"EmmisionsWsl": {
    "F": {
        "1": 0.166666667, 
        "2": 0.166666667,
        "3": 0.166666667, 
        "4": 0.166666667,
        "5": 0.166666667, 
        "6": 0.166666667
        },
    "L": {
        "1": 0.1, 
        "2": 0.1, 
        "3": 0.1,
        "4": 0.1, 
        "5": 0.1, 
        "6": 0.5
        }
    }
}