{

"Zustaende": {
    "gezinkt": 0.5, 
    "ungezinkt": 0.5
    },

"Uebergangs": {
    "ungezinkt": {
       "gezinkt": 0.95, 
       "ungezinkt": 0.05
        },
    "gezinkt": {
        "gezinkt": 0.05, 
        "ungezinkt": 0.95
        }
    },

"Emmisionswsl": {
    "ungezinkt": {
        "1": 0.166666667, 
        "2": 0.166666667,
        "3": 0.166666667, 
        "4": 0.166666667,
        "5": 0.166666667, 
        "6": 0.166666667
        },
    "gezinkt": {
        "1": 0.1, 
        "2": 0.1, 
        "3": 0.1,
        "4": 0.1, 
        "5": 0.1, 
        "6": 0.5
        }
    }
}